{"cameraMode":{"drawMode":0,"name":"Shaded","section":"Shading Mode"},"sceneLighting":false,"audioPlay":false,"sceneViewState":{"m_AlwaysRefresh":false,"showFog":true,"showSkybox":false,"showFlares":true,"showImageEffects":true,"showParticleSystems":true,"showVisualEffectGraphs":true,"m_FxEnabled":true},"in2DMode":false,"pivot":{"x":-0.012940948829054833,"y":0.04829628765583038,"z":0.01000000536441803},"rotation":{"x":0.19994448125362397,"y":-0.010291499085724354,"z":0.0021090758964419367,"w":0.9797635674476624},"size":0.2591872215270996,"orthographic":false}