{"cameraMode":{"drawMode":0,"name":"Shaded","section":"Shading Mode"},"sceneLighting":true,"audioPlay":false,"sceneViewState":{"m_AlwaysRefresh":false,"showFog":true,"showSkybox":true,"showFlares":true,"showImageEffects":true,"showParticleSystems":true,"showVisualEffectGraphs":true,"m_FxEnabled":true},"in2DMode":false,"pivot":{"x":-0.07065962255001068,"y":0.6857597231864929,"z":1.1537961959838868},"rotation":{"x":-0.21167270839214326,"y":0.015242925845086575,"z":-0.0033074277453124525,"w":-0.9772307872772217},"size":0.8058376312255859,"orthographic":false}